IMG_00801.jpg,42,52,364,515IMG_00821.jpg,75,49,349,540IMG_00831.jpg,10,66,362,513IMG_00841.jpg,26,6,319,452IMG_00851.jpg,100,92,223,426IMG_00861.jpg,86,33,258,490IMG_00871.jpg,87,169,330,422IMG_00881.jpg,4,42,348,498IMG_00901.jpg,5,103,371,483IMG_00911.jpg,82,34,359,516IMG_00921.jpg,43,38,352,452IMG_00931.jpg,9,75,328,446IMG_00941.jpg,5,6,330,553IMG_00951.jpg,123,5,315,540IMG_00961.jpg,3,46,279,515IMG_00971.jpg,133,57,278,534IMG_00981.jpg,138,28,251,498IMG_00991.jpg,100,63,318,461IMG_01001.jpg,44,0,386,404IMG_01011.jpg,32,152,304,439IMG_01021.jpg,104,105,328,486IMG_01031.jpg,83,26,347,552IMG_01041.jpg,3,40,355,516IMG_01051.jpg,41,47,363,544IMG_01061.jpg,88,50,354,528IMG_01071.jpg,46,18,343,497IMG_01081.jpg,0,23,336,480IMG_01091.jpg,69,8,354,543IMG_01101.jpg,89,37,352,551IMG_01111.jpg,122,81,319,510IMG_01121.jpg,45,15,398,576IMG_01131.jpg,20,40,328,511IMG_01141.jpg,61,127,262,464IMG_01151.jpg,124,90,223,410IMG_01161.jpg,119,96,226,391IMG_01171.jpg,81,188,228,376IMG_01181.jpg,80,141,280,447IMG_01191.jpg,40,72,307,468IMG_01201.jpg,12,67,326,468IMG_01211.jpg,109,41,321,527IMG_01221.jpg,148,53,289,528IMG_01231.jpg,78,17,365,574IMG_01241.jpg,46,6,372,585IMG_01251.jpg,10,10,344,530IMG_01261.jpg,41,14,353,507IMG_01271.jpg,103,38,322,513IMG_01281.jpg,98,45,330,495IMG_01291.jpg,53,35,347,488IMG_01301.jpg,18,27,345,474IMG_01311.jpg,62,3,354,454IMG_01321.jpg,79,52,357,531IMG_01331.jpg,74,56,369,535IMG_01341.jpg,10,31,392,557IMG_01351.jpg,23,7,379,523IMG_01361.jpg,45,27,376,555IMG_01371.jpg,22,42,412,549IMG_01381.jpg,7,13,313,572IMG_01391.jpg,4,9,329,574IMG_01401.jpg,85,6,358,576IMG_01411.jpg,34,6,405,463IMG_01421.jpg,15,46,342,460IMG_01431.jpg,135,59,308,507IMG_01441.jpg,85,105,358,486IMG_01451.jpg,12,38,427,553IMG_01461.jpg,15,29,386,548IMG_01471.jpg,0,22,341,508IMG_01481.jpg,0,64,333,505IMG_01491.jpg,107,53,336,538IMG_01501.jpg,132,52,310,530IMG_01511.jpg,72,27,371,564IMG_01521.jpg,0,5,394,500IMG_01531.jpg,46,4,397,587IMG_01541.jpg,51,101,357,490IMG_01551.jpg,11,72,359,515IMG_01561.jpg,23,34,408,557IMG_01571.jpg,18,55,404,536IMG_01581.jpg,87,36,356,554IMG_01591.jpg,97,65,344,526IMG_01601.jpg,66,49,375,541IMG_01611.jpg,82,19,357,563IMG_01621.jpg,16,60,351,531IMG_01631.jpg,20,87,336,504IMG_01641.jpg,5,67,310,519IMG_01651.jpg,37,13,334,505IMG_01661.jpg,89,9,329,506IMG_01671.jpg,133,37,310,549IMG_01681.jpg,112,68,327,516IMG_01701.jpg,21,17,420,574IMG_01711.jpg,9,36,307,439IMG_01721.jpg,44,90,325,423IMG_01731.jpg,125,112,313,478IMG_01741.jpg,125,66,317,525IMG_01751.jpg,90,22,344,517IMG_01761.jpg,45,51,335,465IMG_01781.jpg,91,10,345,525IMG_01791.jpg,62,42,375,543IMG_01801.jpg,38,11,362,531IMG_01811.jpg,16,12,332,480IMG_01821.jpg,77,94,315,437IMG_01831.jpg,86,96,335,481IMG_01841.jpg,13,56,360,494IMG_01851.jpg,43,51,344,478IMG_0647.jpg,193,274,42,46Copy of IMG_0648.jpg,184,231,37,35Copy of IMG_0649.jpg,189,212,39,51
Copy of IMG_0650.jpg,148,223,21,18
Copy of IMG_0651.jpg,183,202,21,20
Copy of IMG_0653.jpg,188,179,35,30
Copy of IMG_0654.jpg,195,192,33,32
Copy of IMG_0655.jpg,142,214,33,28
Copy of IMG_0656.jpg,166,192,43,46
Copy of IMG_0657.jpg,190,152,52,42
Copy of IMG_0658.jpg,93,195,48,47
Copy of IMG_0659.jpg,93,206,40,51
Copy of IMG_0660.jpg,173,161,37,58
Copy of IMG_0661.jpg,170,134,34,48
Copy of IMG_0662.jpg,174,243,28,37
Copy of IMG_0663.jpg,229,208,38,29
Copy of IMG_0664.jpg,191,284,39,28
Copy of IMG_0667.jpg,113,241,26,38
20221220_155155(0).jpg,82,178,64,78
20221220_155155.jpg,94,174,58,75
20221220_155156.jpg,95,180,48,69
20221220_155157(0).jpg,136,246,38,57
20221220_155157.jpg,99,167,35,62
20221220_155158.jpg,99,228,36,64
20221220_155205(0).jpg,18,100,179,297
20221220_155205.jpg,19,42,149,221
20221220_155212.jpg,107,195,32,47
20221220_155214.jpg,101,214,44,66
20221220_155216.jpg,29,255,145,65
20221220_155220.jpg,6,98,167,244
20221220_155221(0).jpg,8,184,104,212
20221220_155221.jpg,59,5,141,233
20221220_155222.jpg,2,133,143,215
20221220_155223.jpg,7,29,168,291
20221220_155224.jpg,2,102,136,238
20221220_155225.jpg,1,268,60,182
20221220_155226.jpg,37,240,117,146
20221220_155228(0).jpg,101,177,59,102
20221220_155228.jpg,151,130,56,125
20221220_155229.jpg,99,188,88,101
20221220_155230.jpg,34,80,122,217
20221220_155235(0).jpg,88,92,45,49
20221220_155235.jpg,110,248,42,38
20221220_155236.jpg,85,211,31,43
20221220_155237(0).jpg,162,130,33,53
20221220_155237.jpg,114,202,27,52
20221220_155238.jpg,116,173,33,48
20221220_155239(0).jpg,119,176,44,44
20221220_155239.jpg,83,166,42,47
20221220_155245.jpg,59,147,110,215
20221220_155246.jpg,2,450,12,17
20221220_155247.jpg,28,264,126,33
20221220_155249.jpg,77,282,70,44
20221220_155250.jpg,103,228,72,42
20221220_155251.jpg,111,219,79,43
20221220_155257(0).jpg,100,167,40,48
20221220_155257.jpg,99,211,51,78
20221220_155258.jpg,86,164,21,43
20221220_155259.jpg,112,138,40,57
20221220_155300.jpg,78,99,99,109
20221220_155302.jpg,1,312,172,161
20221220_155303.jpg,3,268,168,100
20221220_155305.jpg,30,204,173,91
20221220_155308.jpg,103,165,81,122
20221220_155309.jpg,93,212,64,91
20221220_155310.jpg,114,196,41,60
20221220_155311(0).jpg,106,220,37,68
20221220_155311.jpg,99,196,27,57
20221220_155312.jpg,77,219,87,120
20221220_155313.jpg,28,56,150,214
20221220_155331.jpg,113,169,47,91
20221220_155332.jpg,105,156,56,73
20221220_155333.jpg,92,156,89,108
20221220_155337.jpg,3,190,119,201
20221220_155338.jpg,2,234,51,98
20221220_155340.jpg,119,236,45,75
20221220_155341.jpg,107,191,40,78
20221220_155342.jpg,145,119,92,93
